file,complete_scan_status,complete_scan_passed,complete_scan_failed,complete_scan_pending,focused_status,focused_passed,focused_failed,focused_pending
test/e2e/acpStdio.e2e.test.ts,passed,9,0,0,,,,
test/e2e/cliAccount.e2e.test.ts,passed,14,0,0,,,,
test/e2e/eval.live.e2e.test.ts,passed,0,0,1,,,,
test/e2e/execStdio.e2e.test.ts,failed,0,0,0,passed,33,0,3
test/e2e/execTestLauncher.e2e.test.ts,passed,6,0,0,,,,
test/e2e/live.e2e.test.ts,passed,0,0,2,,,,
test/e2e/modelApi.live.e2e.test.ts,passed,0,0,24,,,,
test/e2e/museCode.e2e.test.ts,passed,17,0,0,,,,
test/e2e/reviewer.live.e2e.test.ts,passed,0,0,1,,,,
test/e2e/tab.live.e2e.test.ts,passed,0,0,1,,,,
test/unit/AgentMap.test.tsx,passed,14,0,0,,,,
test/unit/App.test.tsx,passed,152,0,0,,,,
test/unit/AppLazy.test.tsx,passed,1,0,0,,,,
test/unit/ApprovalDock.test.tsx,passed,11,0,0,,,,
test/unit/BestOfNDialog.test.tsx,passed,8,0,0,,,,
test/unit/ChatViewProvider.test.ts,passed,7,0,0,,,,
test/unit/Composer.test.tsx,passed,77,0,0,,,,
test/unit/ContextMeter.test.tsx,passed,14,0,0,,,,
test/unit/DeferredSurface.test.tsx,passed,4,0,0,,,,
test/unit/DiffTallyRow.test.tsx,passed,5,0,0,,,,
test/unit/EffortSlider.test.tsx,passed,2,0,0,,,,
test/unit/ErrorBoundary.test.tsx,passed,3,0,0,,,,
test/unit/GoalPanel.test.tsx,passed,9,0,0,,,,
test/unit/GooeyMenu.test.tsx,passed,15,0,0,,,,
test/unit/HeartbeatTrace.test.tsx,passed,11,0,0,,,,
test/unit/HistoryDialog.test.tsx,passed,10,0,0,,,,
test/unit/MarkdownView.test.tsx,passed,8,0,0,,,,
test/unit/MentionMenu.test.tsx,passed,2,0,0,,,,
test/unit/Modal.test.tsx,passed,2,0,0,,,,
test/unit/MuseCodeHost.test.ts,passed,96,0,0,,,,
test/unit/Palette.test.tsx,passed,15,0,0,,,,
test/unit/PopoverMenu.test.tsx,passed,6,0,0,,,,
test/unit/QuestionCard.test.tsx,passed,7,0,0,,,,
test/unit/QuoteMenu.test.tsx,passed,3,0,0,,,,
test/unit/SchedulePanel.test.tsx,passed,4,0,0,,,,
test/unit/SessionBoardDialog.test.tsx,passed,5,0,0,,,,
test/unit/ShareView.test.tsx,passed,3,0,0,,,,
test/unit/SignIn.test.tsx,passed,9,0,0,,,,
test/unit/StatusLine.test.tsx,passed,5,0,0,,,,
test/unit/TasksApp.test.tsx,passed,4,0,0,,,,
test/unit/Transcript.test.tsx,passed,63,0,0,,,,
test/unit/UsageDialog.test.tsx,passed,40,0,0,,,,
test/unit/WorkflowRun.test.tsx,passed,6,0,0,,,,
test/unit/accountHost.test.ts,passed,19,0,0,,,,
test/unit/acpAgent.test.ts,passed,92,0,0,,,,
test/unit/acpElicitation.test.ts,passed,4,0,0,,,,
test/unit/acpModelApi.test.ts,passed,11,0,0,,,,
test/unit/acpNpmReadme.test.ts,passed,3,0,0,,,,
test/unit/acpPaid.test.ts,passed,24,0,0,,,,
test/unit/acpProxyWarning.test.ts,passed,20,0,0,,,,
test/unit/acpReportObserver.test.ts,passed,3,0,0,,,,
test/unit/acpRuntime.test.ts,passed,38,0,0,,,,
test/unit/acpTranslate.test.ts,passed,36,0,0,,,,
test/unit/actionApply.test.ts,passed,5,0,0,,,,
test/unit/actionGate.test.ts,passed,17,0,0,,,,
test/unit/actionGit.test.ts,passed,51,0,0,,,,
test/unit/actionInputs.test.ts,passed,16,0,1,,,,
test/unit/actionInstall.test.ts,passed,9,0,1,,,,
test/unit/actionManifest.test.ts,passed,9,0,0,,,,
test/unit/actionPost.test.ts,passed,10,0,0,,,,
test/unit/actionRunExec.test.ts,passed,29,0,5,,,,
test/unit/agentErrors.test.ts,passed,2,0,0,,,,
test/unit/agentImport.test.ts,passed,62,0,0,,,,
test/unit/agentImportBundle.test.ts,passed,10,0,0,,,,
test/unit/agentImportCommands.test.ts,passed,81,0,0,,,,
test/unit/agentImportWorkspaceEdits.test.ts,passed,18,0,0,,,,
test/unit/approvalRules.test.ts,passed,79,0,0,,,,
test/unit/approvalSecrets.test.ts,passed,9,0,0,,,,
test/unit/attachments.test.ts,passed,17,0,0,,,,
test/unit/authService.test.ts,passed,112,0,0,,,,
test/unit/autoReviewer.test.ts,passed,18,0,0,,,,
test/unit/backendSelection.test.ts,passed,6,0,0,,,,
test/unit/backgroundRows.test.tsx,passed,11,0,0,,,,
test/unit/base64.test.ts,passed,3,0,0,,,,
test/unit/bestOfN.test.ts,passed,14,0,0,,,,
test/unit/bestOfNAttempts.test.ts,passed,3,0,0,,,,
test/unit/bestOfNExtensionHooks.test.ts,passed,7,0,0,,,,
test/unit/bestOfNManager.test.ts,passed,4,0,0,,,,
test/unit/bestOfNRunner.test.ts,passed,44,0,0,,,,
test/unit/bestOfNSnapshot.test.ts,passed,12,0,0,,,,
test/unit/browserCheckConfirm.test.ts,passed,3,0,0,,,,
test/unit/browserCheckLive.test.ts,passed,0,0,6,,,,
test/unit/browserCheckR51.test.ts,passed,0,0,2,,,,
test/unit/browserChecks.test.ts,passed,9,0,0,,,,
test/unit/browserLaunch.test.ts,passed,9,0,0,,,,
test/unit/browserPolicy.test.ts,passed,7,0,0,,,,
test/unit/browserRun.test.ts,passed,45,0,0,,,,
test/unit/browserTool.test.ts,passed,9,0,0,,,,
test/unit/bundleSize.test.mjs,passed,4,0,0,,,,
test/unit/bundledSkillsInstall.test.ts,passed,31,0,0,,,,
test/unit/bundledSkillsVendor.test.ts,passed,110,0,0,,,,
test/unit/canaries.test.ts,passed,18,0,0,,,,
test/unit/canonicalPath.test.ts,passed,4,0,0,,,,
test/unit/cards.test.tsx,passed,13,0,0,,,,
test/unit/changelogVersion.test.ts,passed,2,0,0,,,,
test/unit/chatColumn.test.mjs,passed,6,0,0,,,,
test/unit/chatPanel.test.ts,passed,11,0,0,,,,
test/unit/chatReference.test.ts,passed,3,0,0,,,,
test/unit/checkCommands.test.ts,passed,11,0,1,,,,
test/unit/checkProxy.test.ts,passed,14,0,0,,,,
test/unit/checkpointCopies.test.ts,passed,6,0,0,,,,
test/unit/checkpointEnvironment.test.ts,passed,16,0,0,,,,
test/unit/checkpointExplicitEdits.test.ts,passed,22,0,0,,,,
test/unit/checkpointFiles.test.ts,passed,15,0,3,,,,
test/unit/checkpointFixes.test.ts,passed,34,0,0,,,,
test/unit/checkpointHost.test.ts,passed,43,0,0,,,,
test/unit/checkpointLocation.test.ts,passed,4,0,0,,,,
test/unit/checkpointLongPaths.test.ts,passed,21,0,3,,,,
test/unit/checkpointMemory.test.ts,passed,12,0,0,,,,
test/unit/checkpointModelApiStop.test.ts,passed,49,0,0,,,,
test/unit/checkpointNativeCommands.test.ts,passed,19,0,0,,,,
test/unit/checkpointNativeStart.test.ts,passed,2,0,0,,,,
test/unit/checkpointPlan.test.ts,passed,3,0,0,,,,
test/unit/checkpointPublication.test.ts,passed,5,0,0,,,,
test/unit/checkpointRestore.test.ts,passed,12,0,1,,,,
test/unit/checkpointRetention.test.ts,passed,11,0,0,,,,
test/unit/checkpointRulesEdit.test.ts,passed,7,0,0,,,,
test/unit/checkpointShellProof.test.ts,passed,3,0,0,,,,
test/unit/checkpointStorageGuards.test.ts,passed,7,0,0,,,,
test/unit/checkpointStore.test.ts,passed,15,0,0,,,,
test/unit/checkpointStoreBundle.test.ts,passed,8,0,0,,,,
test/unit/checkpointStoreGuards.test.ts,passed,15,0,3,,,,
test/unit/checkpointStoreWindows.test.ts,passed,33,0,0,,,,
test/unit/checkpointUnits.test.ts,passed,25,0,0,,,,
test/unit/checkpointWorktrees.test.ts,passed,7,0,0,,,,
test/unit/cliAccount.test.ts,passed,28,0,0,,,,
test/unit/cliFeatures.test.ts,passed,13,0,0,,,,
test/unit/clineDiscover.test.ts,passed,11,0,0,,,,
test/unit/codeFiles.test.ts,passed,6,0,0,,,,
test/unit/codeIntelBundle.test.ts,passed,9,0,0,,,,
test/unit/codeIntelPolicy.test.ts,passed,8,0,0,,,,
test/unit/codeIntelTools.test.ts,passed,16,0,0,,,,
test/unit/codeText.test.ts,passed,6,0,0,,,,
test/unit/commandRules.test.ts,passed,74,0,0,,,,
test/unit/contextFiles.test.ts,passed,6,0,0,,,,
test/unit/contextIo.test.ts,passed,5,0,0,,,,
test/unit/conversationBundle.test.ts,passed,5,0,0,,,,
test/unit/conversationCheckpoints.test.ts,passed,27,0,0,,,,
test/unit/conversationController.test.ts,passed,574,0,0,,,,
test/unit/conversationGit.test.ts,passed,72,0,0,,,,
test/unit/conversationGitBundle.test.ts,passed,7,0,0,,,,
test/unit/createRulesFile.test.ts,passed,7,0,0,,,,
test/unit/credentialFile.test.ts,passed,25,0,0,,,,
test/unit/credentialStore.test.ts,passed,22,0,0,,,,
test/unit/customAgents.test.ts,passed,43,0,0,,,,
test/unit/deferredBundles.test.ts,passed,26,0,0,,,,
test/unit/deviceSignIn.test.ts,passed,52,0,0,,,,
test/unit/diagnostics.test.ts,passed,13,0,0,,,,
test/unit/diagnosticsReport.test.ts,passed,9,0,0,,,,
test/unit/dictation.test.ts,passed,16,0,0,,,,
test/unit/dictationGesture.test.ts,passed,3,0,0,,,,
test/unit/dictationHost.test.ts,passed,13,0,0,,,,
test/unit/diff.test.ts,passed,6,0,0,,,,
test/unit/diffTally.test.ts,passed,12,0,0,,,,
test/unit/editReview.test.ts,passed,47,0,0,,,,
test/unit/editorContext.test.ts,passed,6,0,0,,,,
test/unit/editorContextTracker.test.ts,passed,5,0,0,,,,
test/unit/effort.test.ts,passed,5,0,0,,,,
test/unit/elicitationCard.test.tsx,passed,6,0,0,,,,
test/unit/environment.test.ts,passed,4,0,0,,,,
test/unit/eval/evalDriver.test.ts,passed,8,0,0,,,,
test/unit/eval/evalLiveSupport.test.ts,passed,29,0,0,,,,
test/unit/eval/evalPacking.test.ts,passed,8,0,0,,,,
test/unit/eval/evalReport.test.ts,passed,19,0,0,,,,
test/unit/eval/evalRunner.test.ts,passed,13,0,0,,,,
test/unit/eval/evalTasks.test.ts,passed,35,0,0,,,,
test/unit/eval/evalWire.test.ts,passed,33,0,0,,,,
test/unit/eval/evalWorkspacePrivacy.test.ts,passed,4,0,0,,,,
test/unit/execArgs.test.ts,passed,52,0,0,,,,
test/unit/execFetch.test.ts,passed,35,0,0,,,,
test/unit/execKeyInput.test.ts,passed,12,0,0,,,,
test/unit/execLimits.test.ts,passed,7,0,0,,,,
test/unit/execOutput.test.ts,passed,23,0,0,,,,
test/unit/execRun.test.ts,passed,55,0,0,,,,
test/unit/execSchema.test.ts,passed,26,0,0,,,,
test/unit/executables.test.ts,passed,3,0,0,,,,
test/unit/exportConversation.test.ts,passed,7,0,0,,,,
test/unit/extensionHookRunner.test.ts,passed,19,0,0,,,,
test/unit/extensionHooks.test.ts,passed,47,0,0,,,,
test/unit/fakeToolIo.test.ts,passed,9,0,0,,,,
test/unit/fdWriter.test.ts,passed,9,0,0,,,,
test/unit/fileIdentity.test.ts,passed,4,0,0,,,,
test/unit/fileScheduleStore.test.ts,passed,8,0,0,,,,
test/unit/fileSessionStore.test.ts,passed,6,0,0,,,,
test/unit/flightRecorder.test.ts,passed,59,0,0,,,,
test/unit/focusInput.test.ts,passed,3,0,0,,,,
test/unit/foreignHookDeadline.test.ts,passed,2,0,0,,,,
test/unit/foreignHooks.test.ts,passed,22,0,0,,,,
test/unit/fsAtomic.test.ts,passed,25,0,1,,,,
test/unit/fuzzy.test.ts,passed,8,0,0,,,,
test/unit/git.test.ts,passed,18,0,0,,,,
test/unit/gitActivationWiring.test.ts,passed,7,0,0,,,,
test/unit/gitPhysicalOwner.test.ts,passed,7,0,0,,,,
test/unit/gitState.test.ts,passed,8,0,0,,,,
test/unit/gitText.test.ts,passed,7,0,0,,,,
test/unit/gitWindowFileSystem.test.ts,passed,8,0,1,,,,
test/unit/github.test.ts,passed,17,0,0,,,,
test/unit/githubRemote.test.ts,passed,32,0,0,,,,
test/unit/githubSession.test.ts,passed,2,0,0,,,,
test/unit/glob.test.ts,passed,6,0,0,,,,
test/unit/goalCommand.test.ts,passed,4,0,0,,,,
test/unit/goals.test.ts,passed,14,0,0,,,,
test/unit/gooeyLayout.test.ts,passed,15,0,0,,,,
test/unit/handoff.test.ts,passed,3,0,0,,,,
test/unit/handoffDialog.test.tsx,passed,14,0,0,,,,
test/unit/heartbeatBeam.test.ts,passed,9,0,0,,,,
test/unit/heldCheckout.test.ts,passed,18,0,0,,,,
test/unit/heldTree.test.ts,passed,55,0,0,,,,
test/unit/helperLocation.test.ts,passed,13,0,0,,,,
test/unit/highlight.test.ts,passed,4,0,0,,,,
test/unit/hookFormats.test.ts,passed,60,0,0,,,,
test/unit/hookFormatsCline.test.ts,passed,19,0,0,,,,
test/unit/hookFormatsContracts.test.ts,passed,733,0,0,,,,
test/unit/hookFormatsEngine.test.ts,passed,6,0,0,,,,
test/unit/hookFormatsFixtures.test.ts,passed,260,0,0,,,,
test/unit/hookFormatsGemini.test.ts,passed,46,0,0,,,,
test/unit/hookHttpHandlers.test.ts,passed,21,0,0,,,,
test/unit/hookHttpRequest.test.ts,passed,6,0,0,,,,
test/unit/hookMcpToolHandlers.test.ts,passed,5,0,0,,,,
test/unit/hookModelHandlers.test.ts,passed,14,0,0,,,,
test/unit/hostBridge.test.ts,passed,2,0,0,,,,
test/unit/hostL10n.test.ts,passed,16,0,0,,,,
test/unit/html.test.ts,passed,9,0,0,,,,
test/unit/htmlCharset.test.ts,passed,23,0,0,,,,
test/unit/htmlToMarkdown.test.ts,passed,23,0,0,,,,
test/unit/ideBrowserCheck.test.ts,passed,9,0,0,,,,
test/unit/ideCodeIntelTools.test.ts,passed,3,0,0,,,,
test/unit/ideImageTools.test.ts,passed,8,0,0,,,,
test/unit/ideMcpServer.test.ts,passed,8,0,0,,,,
test/unit/ideWebFetch.test.ts,passed,10,0,0,,,,
test/unit/imageDimensions.test.ts,passed,10,0,0,,,,
test/unit/imageGenerationIo.test.ts,passed,4,0,0,,,,
test/unit/importConvert.test.ts,passed,88,0,0,,,,
test/unit/importExposure.test.ts,passed,21,0,0,,,,
test/unit/importHookSources.test.ts,failed,71,1,0,passed,72,0,0
test/unit/importIo.test.ts,passed,27,0,1,,,,
test/unit/insertMention.test.ts,passed,3,0,0,,,,
test/unit/insights.test.ts,passed,7,0,0,,,,
test/unit/installTable.test.ts,passed,6,0,0,,,,
test/unit/instructions.test.ts,passed,10,0,0,,,,
test/unit/jobBuild.test.ts,passed,3,0,0,,,,
test/unit/jobSource.test.ts,passed,5,0,0,,,,
test/unit/judge.test.ts,passed,8,0,0,,,,
test/unit/judgeActivation.test.ts,passed,6,0,0,,,,
test/unit/judgeAdmission.test.ts,passed,51,0,0,,,,
test/unit/judgeAdmissionLedger.test.ts,passed,8,0,0,,,,
test/unit/judgeConsent.test.ts,passed,10,0,0,,,,
test/unit/judgeContract.test.ts,passed,21,0,0,,,,
test/unit/judgeEntries.test.ts,passed,15,0,0,,,,
test/unit/judgeFences.test.ts,passed,18,0,0,,,,
test/unit/judgeMath.test.ts,passed,11,0,0,,,,
test/unit/judgePrompt.test.ts,passed,10,0,0,,,,
test/unit/judgeResolve.test.ts,passed,11,0,0,,,,
test/unit/judgeSameAllowRules.test.ts,passed,11,0,0,,,,
test/unit/judgeSameModelApi.test.ts,passed,11,0,0,,,,
test/unit/judgeSameMuseCode.test.ts,passed,9,0,0,,,,
test/unit/judgeSameSession.test.ts,passed,17,0,0,,,,
test/unit/judgeSameSideRequest.test.ts,passed,9,0,0,,,,
test/unit/judgeSharedBudget.test.ts,passed,5,0,0,,,,
test/unit/judgeTechniques.test.ts,passed,22,0,0,,,,
test/unit/judgeTransport.test.ts,passed,9,0,0,,,,
test/unit/judgeUi.test.tsx,passed,4,0,0,,,,
test/unit/judgeUsage.test.ts,passed,3,0,0,,,,
test/unit/judgeUse.test.ts,passed,22,0,0,,,,
test/unit/judgeWindow.test.ts,passed,11,0,0,,,,
test/unit/l10n.test.ts,passed,26,0,0,,,,
test/unit/languageServices.test.ts,passed,8,0,0,,,,
test/unit/launch.test.ts,passed,22,0,0,,,,
test/unit/links.test.ts,passed,5,0,0,,,,
test/unit/logText.test.ts,passed,8,0,0,,,,
test/unit/logger.test.ts,passed,3,0,0,,,,
test/unit/manifest.test.ts,passed,34,0,1,,,,
test/unit/mapNotification.test.ts,passed,38,0,0,,,,
test/unit/mcp.test.ts,passed,8,0,0,,,,
test/unit/mcpCheckpointBoundary.test.ts,passed,4,0,0,,,,
test/unit/mcpConnection.test.ts,passed,14,0,0,,,,
test/unit/mcpElicitation.test.ts,passed,47,0,0,,,,
test/unit/mcpFunctions.test.ts,passed,18,0,0,,,,
test/unit/mcpHttp.test.ts,passed,10,0,0,,,,
test/unit/mcpJobExecutable.test.ts,passed,3,0,0,,,,
test/unit/mcpPool.test.ts,passed,15,0,0,,,,
test/unit/mcpProcess.test.ts,passed,23,0,0,,,,
test/unit/mcpServers.test.ts,passed,6,0,0,,,,
test/unit/mcpStdio.test.ts,passed,13,0,0,,,,
test/unit/mediaBudget.test.ts,passed,6,0,0,,,,
test/unit/memoryCommands.test.ts,passed,12,0,0,,,,
test/unit/memoryFeatures.test.ts,passed,6,0,0,,,,
test/unit/memoryIndex.test.ts,passed,10,0,0,,,,
test/unit/memoryIo.test.ts,passed,9,0,0,,,,
test/unit/memoryLocation.test.ts,passed,6,0,0,,,,
test/unit/memoryStore.test.ts,passed,38,0,0,,,,
test/unit/memoryTools.test.ts,passed,4,0,0,,,,
test/unit/mention.test.ts,passed,5,0,0,,,,
test/unit/mentionIndex.test.ts,passed,6,0,0,,,,
test/unit/mentionQuickPick.test.ts,passed,2,0,0,,,,
test/unit/mentions.test.ts,passed,13,0,0,,,,
test/unit/mimeType.test.ts,passed,3,0,0,,,,
test/unit/modelApiAttemptBudget.test.ts,passed,6,0,0,,,,
test/unit/modelApiAttemptFiles.test.ts,passed,1,0,0,,,,
test/unit/modelApiAttemptVerify.test.ts,passed,19,0,0,,,,
test/unit/modelApiBackendManager.test.ts,passed,19,0,0,,,,
test/unit/modelApiBundle.test.ts,passed,13,0,0,,,,
test/unit/modelApiClient.test.ts,passed,27,0,0,,,,
test/unit/modelApiCodeIntel.test.ts,passed,25,0,0,,,,
test/unit/modelApiElicitation.test.ts,passed,18,0,0,,,,
test/unit/modelApiExtensionHooks.test.ts,passed,22,0,0,,,,
test/unit/modelApiForeignHooks.test.ts,passed,5,0,4,,,,
test/unit/modelApiGoldenRequests.test.ts,passed,18,0,0,,,,
test/unit/modelApiHooks.test.ts,passed,17,0,0,,,,
test/unit/modelApiHost.test.ts,passed,615,0,0,,,,
test/unit/modelApiMcpServers.test.ts,passed,2,0,0,,,,
test/unit/modelApiPacking.test.ts,passed,18,0,0,,,,
test/unit/modelApiPolicyFence.test.ts,passed,88,0,0,,,,
test/unit/modelApiSchemas.test.ts,passed,1,0,0,,,,
test/unit/modelApiShellDirectory.test.ts,passed,29,0,0,,,,
test/unit/modelApiTools.test.ts,passed,41,0,0,,,,
test/unit/modelCallHooks.test.ts,passed,4,0,0,,,,
test/unit/museCodeBackendManager.test.ts,passed,17,0,0,,,,
test/unit/museCodeHookModels.test.ts,passed,3,0,0,,,,
test/unit/museCodeProtectedWrites.test.ts,passed,25,0,0,,,,
test/unit/museCodeReviewer.test.ts,passed,43,0,0,,,,
test/unit/museCodeReviewerBundle.test.ts,passed,5,0,0,,,,
test/unit/museConfigCommands.test.ts,passed,17,0,0,,,,
test/unit/museConfigView.test.ts,passed,6,0,0,,,,
test/unit/museSettings.test.ts,passed,4,0,0,,,,
test/unit/museVoice.test.ts,passed,23,0,0,,,,
test/unit/networkFailure.test.ts,passed,8,0,0,,,,
test/unit/networkPosture.test.ts,passed,9,0,0,,,,
test/unit/observationPack.test.ts,passed,32,0,0,,,,
test/unit/openInTerminal.test.ts,passed,3,0,0,,,,
test/unit/outputDocuments.test.ts,passed,2,0,0,,,,
test/unit/pageConverter.test.ts,passed,6,0,0,,,,
test/unit/pageUrl.test.ts,passed,7,0,0,,,,
test/unit/paidConsent.test.ts,passed,21,0,0,,,,
test/unit/paidDailyBudget.test.ts,passed,17,0,0,,,,
test/unit/paidFeatures.test.ts,passed,30,0,0,,,,
test/unit/paidHookModels.test.ts,passed,10,0,0,,,,
test/unit/paidHost.test.ts,passed,32,0,0,,,,
test/unit/paletteRegistry.test.ts,passed,35,0,0,,,,
test/unit/patchApply.test.ts,passed,14,0,0,,,,
test/unit/pdf.test.ts,passed,31,0,0,,,,
test/unit/permissionModes.test.ts,passed,10,0,0,,,,
test/unit/permissionPolicy.test.ts,passed,24,0,0,,,,
test/unit/permissions.test.ts,passed,66,0,0,,,,
test/unit/pinnedRequest.test.ts,passed,5,0,0,,,,
test/unit/planActions.test.tsx,passed,8,0,0,,,,
test/unit/planCommands.test.ts,passed,2,0,0,,,,
test/unit/planDocument.test.ts,passed,19,0,0,,,,
test/unit/planMarkdownBundle.test.ts,passed,3,0,0,,,,
test/unit/planMarkupParity.test.tsx,passed,3,0,0,,,,
test/unit/planStore.test.ts,passed,22,0,0,,,,
test/unit/pluginContainment.test.ts,passed,7,0,0,,,,
test/unit/pluginDispatch.test.ts,failed,13,4,13,passed,17,0,13
test/unit/pluginHost.test.ts,passed,29,0,14,,,,
test/unit/pluginImport.test.ts,passed,8,0,0,,,,
test/unit/privateFiles.test.ts,passed,10,0,0,,,,
test/unit/problemReportBuilder.test.ts,passed,68,0,0,,,,
test/unit/processTree.test.ts,passed,18,0,0,,,,
test/unit/promptLedger.test.ts,passed,9,0,0,,,,
test/unit/protocol.test.ts,passed,141,0,0,,,,
test/unit/publicAddress.test.ts,passed,8,0,0,,,,
test/unit/pullRequestCheckout.test.ts,passed,22,0,0,,,,
test/unit/pullRequestCheckoutGit.test.ts,passed,12,0,0,,,,
test/unit/pullRequestLinks.test.ts,passed,2,0,0,,,,
test/unit/pullRequestRef.test.ts,passed,20,0,0,,,,
test/unit/pushPlan.test.ts,passed,21,0,0,,,,
test/unit/readmeShots.test.mjs,passed,10,0,0,,,,
test/unit/readmeVersion.test.ts,passed,4,0,0,,,,
test/unit/recorderHelper.test.ts,passed,2,0,0,,,,
test/unit/redact.test.ts,passed,130,0,0,,,,
test/unit/reducedMotion.test.ts,passed,1,0,0,,,,
test/unit/refreshBadges.test.mjs,passed,31,0,0,,,,
test/unit/releaseIntegrity.test.mjs,passed,18,0,0,,,,
test/unit/releaseMajorTag.test.mjs,passed,9,0,0,passed,9,0,0
test/unit/releasePublish.test.mjs,passed,93,0,0,,,,
test/unit/renamePlan.test.ts,passed,6,0,0,,,,
test/unit/renderCost.test.tsx,passed,1,0,0,,,,
test/unit/repoMap.test.ts,passed,11,0,0,,,,
test/unit/reportCommand.test.ts,passed,20,0,0,,,,
test/unit/reportInvariants.test.ts,passed,2,0,0,,,,
test/unit/reportProblem.test.ts,passed,55,0,0,,,,
test/unit/reportProblemDialog.test.tsx,passed,24,0,0,,,,
test/unit/reportProblemExport.test.ts,passed,13,0,0,,,,
test/unit/reportProblemHandler.test.ts,passed,23,0,0,,,,
test/unit/reportProblemRows.test.tsx,passed,11,0,0,,,,
test/unit/reportRecorder.test.ts,passed,15,0,0,,,,
test/unit/restoreChain.test.ts,passed,56,0,0,,,,
test/unit/review.test.ts,passed,23,0,0,,,,
test/unit/reviewBundle.test.ts,passed,8,0,0,,,,
test/unit/reviewMaterial.test.ts,passed,39,0,1,,,,
test/unit/reviewUi.test.tsx,passed,13,0,0,,,,
test/unit/rowMenus.test.tsx,passed,27,0,0,,,,
test/unit/rules.test.ts,passed,8,0,0,,,,
test/unit/rulesTemplate.test.ts,passed,1,0,0,,,,
test/unit/runLedger.test.ts,passed,35,0,0,,,,
test/unit/runtimeConsent.test.ts,passed,6,0,0,,,,
test/unit/runtimeManifest.test.ts,passed,8,0,0,,,,
test/unit/runtimeStore.test.ts,passed,17,0,0,,,,
test/unit/sandbox.test.ts,passed,14,0,0,,,,
test/unit/sandboxSetup.test.ts,passed,14,0,0,,,,
test/unit/scanSecrets.test.ts,passed,12,0,0,,,,
test/unit/scheduledRunConfirmation.test.ts,passed,4,0,0,,,,
test/unit/schedules.test.ts,passed,9,0,0,,,,
test/unit/searchWorker.test.ts,passed,7,0,0,,,,
test/unit/secretPromptDialog.test.tsx,passed,2,0,0,,,,
test/unit/selectedHost.test.ts,passed,6,0,0,,,,
test/unit/sessionBoard.test.ts,passed,7,0,0,,,,
test/unit/sessionBoardHost.test.ts,passed,7,0,0,,,,
test/unit/sessionBudget.test.ts,passed,13,0,0,,,,
test/unit/sessionBudgetJournal.test.ts,passed,48,0,0,,,,
test/unit/sessionImport.test.ts,passed,2,0,0,,,,
test/unit/sessionRecords.test.ts,passed,11,0,0,,,,
test/unit/sessionStore.test.ts,passed,16,0,0,,,,
test/unit/sessionTap.test.ts,passed,9,0,0,,,,
test/unit/sessionTransfer.test.ts,passed,25,0,0,,,,
test/unit/sessions.test.ts,passed,12,0,0,,,,
test/unit/settings.test.ts,passed,15,0,0,,,,
test/unit/shellBoundedMonitor.test.ts,passed,1,0,0,,,,
test/unit/shellJob.test.ts,passed,9,0,0,,,,
test/unit/shellQuote.test.ts,passed,4,0,1,,,,
test/unit/shellSyntax.test.ts,passed,138,0,21,,,,
test/unit/skills.test.ts,passed,17,0,0,,,,
test/unit/skillsCli.test.ts,passed,10,0,0,,,,
test/unit/skillsCommands.test.ts,passed,11,0,0,,,,
test/unit/snapshot.test.ts,passed,12,0,0,,,,
test/unit/sse.test.ts,passed,6,0,0,,,,
test/unit/stepSummary.test.ts,passed,9,0,0,,,,
test/unit/store.test.tsx,passed,7,0,0,,,,
test/unit/streamSplit.test.ts,passed,6,0,0,,,,
test/unit/supportReport.test.ts,passed,7,0,0,,,,
test/unit/surfaceRegistry.test.ts,passed,9,0,0,,,,
test/unit/tabBundle.test.ts,passed,28,0,0,,,,
test/unit/tabCache.test.ts,passed,12,0,0,,,,
test/unit/tabConstants.test.ts,passed,10,0,0,,,,
test/unit/tabContext.test.ts,passed,14,0,0,,,,
test/unit/tabEngine.test.ts,passed,9,0,0,,,,
test/unit/tabLedger.test.ts,passed,20,0,0,,,,
test/unit/tabProvider.test.ts,passed,64,0,0,,,,
test/unit/tabReply.test.ts,passed,26,0,0,,,,
test/unit/tabRequest.test.ts,passed,13,0,0,,,,
test/unit/tabScheduler.test.ts,passed,8,0,0,,,,
test/unit/tabSpend.test.ts,passed,9,0,0,,,,
test/unit/tabSpendGate.test.ts,passed,4,0,0,,,,
test/unit/tabStatus.test.ts,passed,17,0,0,,,,
test/unit/tasksPanel.test.ts,passed,6,0,0,,,,
test/unit/textDecoding.test.ts,passed,7,0,0,,,,
test/unit/textDecodingNode20.test.ts,passed,3,0,0,,,,
test/unit/timeouts.test.ts,passed,4,0,0,,,,
test/unit/toggleFocusView.test.ts,passed,2,0,0,,,,
test/unit/toolImages.test.ts,passed,6,0,0,,,,
test/unit/toolIo.test.ts,passed,45,0,2,,,,
test/unit/toolIoBounded.test.ts,passed,7,0,0,,,,
test/unit/toolIoCommandAdmission.test.ts,passed,7,0,0,,,,
test/unit/toolPresentation.test.ts,passed,17,0,0,,,,
test/unit/toolRows.test.tsx,passed,30,0,0,,,,
test/unit/traceLogs.test.ts,passed,4,0,0,,,,
test/unit/transcriptMarkdown.test.ts,passed,11,0,0,,,,
test/unit/transferDialogs.test.ts,passed,9,0,0,,,,
test/unit/turnNotifications.test.ts,passed,14,0,0,,,,
test/unit/uiState.test.ts,passed,173,0,0,,,,
test/unit/uiTextRegions.test.mjs,passed,6,0,0,,,,
test/unit/untrustedInput.test.ts,passed,6,0,0,,,,
test/unit/usage.test.ts,passed,8,0,0,,,,
test/unit/verifyEditor.test.ts,passed,28,0,0,,,,
test/unit/verifyLedger.test.ts,passed,18,0,0,,,,
test/unit/verifyLoop.test.ts,passed,72,0,0,,,,
test/unit/verifyRows.test.tsx,passed,10,0,0,,,,
test/unit/voiceBundle.test.ts,passed,11,0,0,,,,
test/unit/vsixPackaging.test.mjs,passed,17,0,0,,,,
test/unit/walkthrough.test.ts,passed,3,0,0,,,,
test/unit/webFetch.test.ts,passed,33,0,0,,,,
test/unit/webFetchBundle.test.ts,passed,12,0,0,,,,
test/unit/webFetchConfirm.test.ts,passed,2,0,0,,,,
test/unit/webFetcher.test.ts,passed,4,0,0,,,,
test/unit/webPage.test.ts,passed,3,0,0,,,,
test/unit/webviewBundle.test.mjs,failed,9,1,0,passed,10,0,0
test/unit/webviewErrors.test.ts,passed,4,0,0,,,,
test/unit/webviewSetup.test.ts,passed,13,0,0,,,,
test/unit/whatsNew.test.ts,passed,18,0,0,,,,
test/unit/whatsNewBundle.test.ts,passed,5,0,0,,,,
test/unit/whatsNewContent.test.ts,passed,15,0,0,,,,
test/unit/whatsNewHtml.test.ts,passed,11,0,0,,,,
test/unit/whatsNewPage.test.ts,passed,4,0,0,,,,
test/unit/whatsNewPanel.test.ts,passed,9,0,0,,,,
test/unit/whatsNewVersions.test.ts,passed,9,0,0,,,,
test/unit/windowPresence.test.ts,passed,14,0,0,,,,
test/unit/workLifetime.test.ts,passed,9,0,0,,,,
test/unit/workflowDetails.test.ts,passed,11,0,0,,,,
test/unit/workspaceContext.test.ts,passed,12,0,0,,,,
test/unit/workspaceFiles.test.ts,passed,7,0,0,,,,
test/unit/workspaceIdentity.test.ts,passed,5,0,0,,,,
test/unit/workspaceRoot.test.ts,passed,10,0,0,,,,
test/unit/worktreeCommands.test.ts,passed,12,0,0,,,,
test/unit/worktreeConversationHost.test.ts,passed,9,0,0,,,,
test/unit/worktreeConversations.test.ts,passed,16,0,0,,,,
test/unit/worktreeFeatures.test.ts,passed,3,0,0,,,,
test/unit/worktrees.test.ts,passed,6,0,0,,,,
test/unit/writeJournal.test.ts,passed,11,0,1,,,,
test/unit/writeRecorder.test.ts,passed,25,0,2,,,,
test/unit/writeRecorderCaps.test.ts,passed,2,0,0,,,,
test/unit/zipExtract.test.ts,passed,12,0,0,,,,
