file,shard,full-1_status,full-1_passed,full-1_skipped,full-1_failed,full-1_milliseconds,full-2_status,full-2_passed,full-2_skipped,full-2_failed,full-2_milliseconds
test/e2e/acpStdio.e2e.test.ts,3,passed,9,0,0,6484,passed,9,0,0,6539
test/e2e/cliAccount.e2e.test.ts,2,passed,14,0,0,6335,passed,14,0,0,6997
test/e2e/eval.live.e2e.test.ts,3,passed,0,1,0,0,passed,0,1,0,0
test/e2e/execStdio.e2e.test.ts,2,passed,36,0,0,88216,passed,36,0,0,103063
test/e2e/execTestLauncher.e2e.test.ts,1,passed,6,0,0,6945,passed,6,0,0,7462
test/e2e/live.e2e.test.ts,4,passed,0,2,0,0,passed,0,2,0,0
test/e2e/modelApi.live.e2e.test.ts,3,passed,0,24,0,0,passed,0,24,0,0
test/e2e/museCode.e2e.test.ts,1,passed,17,0,0,9804,passed,17,0,0,9350
test/e2e/reviewer.live.e2e.test.ts,2,passed,0,1,0,0,passed,0,1,0,0
test/e2e/tab.live.e2e.test.ts,3,passed,0,1,0,0,passed,0,1,0,0
test/unit/AgentMap.test.tsx,3,passed,14,0,0,663,passed,14,0,0,598
test/unit/App.test.tsx,3,passed,152,0,0,18409,passed,152,0,0,16615
test/unit/AppLazy.test.tsx,4,passed,1,0,0,760,passed,1,0,0,893
test/unit/ApprovalDock.test.tsx,4,passed,11,0,0,461,passed,11,0,0,804
test/unit/BestOfNDialog.test.tsx,1,passed,8,0,0,347,passed,8,0,0,841
test/unit/ChatViewProvider.test.ts,4,passed,7,0,0,64,passed,7,0,0,33
test/unit/Composer.test.tsx,4,passed,77,0,0,8309,passed,77,0,0,9762
test/unit/ContextMeter.test.tsx,4,passed,14,0,0,494,passed,14,0,0,756
test/unit/DeferredSurface.test.tsx,1,passed,4,0,0,209,passed,4,0,0,380
test/unit/DiffTallyRow.test.tsx,1,passed,5,0,0,242,passed,5,0,0,475
test/unit/EffortSlider.test.tsx,1,passed,2,0,0,170,passed,2,0,0,340
test/unit/ErrorBoundary.test.tsx,4,passed,3,0,0,488,passed,3,0,0,592
test/unit/GoalPanel.test.tsx,3,passed,9,0,0,736,passed,9,0,0,1469
test/unit/GooeyMenu.test.tsx,2,passed,15,0,0,1083,passed,15,0,0,769
test/unit/HeartbeatTrace.test.tsx,2,passed,11,0,0,1415,passed,11,0,0,642
test/unit/HistoryDialog.test.tsx,2,passed,10,0,0,457,passed,10,0,0,413
test/unit/MarkdownView.test.tsx,4,passed,8,0,0,457,passed,8,0,0,615
test/unit/MentionMenu.test.tsx,1,passed,2,0,0,186,passed,2,0,0,319
test/unit/Modal.test.tsx,3,passed,2,0,0,318,passed,2,0,0,217
test/unit/MuseCodeHost.test.ts,1,passed,96,0,0,945,passed,96,0,0,967
test/unit/Palette.test.tsx,4,passed,15,0,0,2766,passed,15,0,0,3653
test/unit/PopoverMenu.test.tsx,1,passed,6,0,0,276,passed,6,0,0,622
test/unit/QuestionCard.test.tsx,2,passed,7,0,0,817,passed,7,0,0,656
test/unit/QuoteMenu.test.tsx,1,passed,3,0,0,294,passed,3,0,0,542
test/unit/SchedulePanel.test.tsx,2,passed,4,0,0,249,passed,4,0,0,256
test/unit/SessionBoardDialog.test.tsx,3,passed,5,0,0,401,passed,5,0,0,287
test/unit/ShareView.test.tsx,2,passed,3,0,0,965,passed,3,0,0,840
test/unit/SignIn.test.tsx,4,passed,9,0,0,303,passed,9,0,0,386
test/unit/StatusLine.test.tsx,3,passed,5,0,0,303,passed,5,0,0,229
test/unit/TasksApp.test.tsx,3,passed,4,0,0,246,passed,4,0,0,330
test/unit/Transcript.test.tsx,4,passed,63,0,0,1827,passed,63,0,0,4380
test/unit/UsageDialog.test.tsx,2,passed,40,0,0,1419,passed,40,0,0,967
test/unit/WorkflowRun.test.tsx,1,passed,6,0,0,230,passed,6,0,0,403
test/unit/accountHost.test.ts,3,passed,19,0,0,1216,passed,19,0,0,1676
test/unit/acpAgent.test.ts,2,passed,92,0,0,5360,passed,92,0,0,5487
test/unit/acpElicitation.test.ts,3,passed,4,0,0,7,passed,4,0,0,21
test/unit/acpModelApi.test.ts,1,passed,11,0,0,962,passed,11,0,0,1695
test/unit/acpNpmReadme.test.ts,4,passed,3,0,0,8,passed,3,0,0,6
test/unit/acpPaid.test.ts,4,passed,24,0,0,195,passed,24,0,0,341
test/unit/acpProxyWarning.test.ts,4,passed,20,0,0,11,passed,20,0,0,11
test/unit/acpReportObserver.test.ts,1,passed,3,0,0,69,passed,3,0,0,86
test/unit/acpRuntime.test.ts,1,passed,38,0,0,471,passed,38,0,0,620
test/unit/acpTranslate.test.ts,3,passed,36,0,0,55,passed,36,0,0,52
test/unit/actionApply.test.ts,4,passed,5,0,0,9970,passed,5,0,0,9058
test/unit/actionGate.test.ts,2,passed,17,0,0,118,passed,17,0,0,76
test/unit/actionGit.test.ts,3,passed,51,0,0,5477,passed,51,0,0,12119
test/unit/actionInputs.test.ts,1,passed,17,0,0,575,passed,17,0,0,1096
test/unit/actionInstall.test.ts,4,passed,10,0,0,2446,passed,10,0,0,4152
test/unit/actionManifest.test.ts,2,passed,9,0,0,23,passed,9,0,0,26
test/unit/actionPost.test.ts,3,passed,10,0,0,260,passed,10,0,0,210
test/unit/actionRunExec.test.ts,2,passed,34,0,0,60697,passed,34,0,0,60879
test/unit/agentErrors.test.ts,2,passed,2,0,0,5,passed,2,0,0,5
test/unit/agentImport.test.ts,3,passed,62,0,0,143,passed,62,0,0,187
test/unit/agentImportBundle.test.ts,2,passed,10,0,0,79,passed,10,0,0,93
test/unit/agentImportCommands.test.ts,1,passed,81,0,0,228,passed,81,0,0,343
test/unit/agentImportWorkspaceEdits.test.ts,3,passed,18,0,0,1487,passed,18,0,0,1682
test/unit/approvalRules.test.ts,4,passed,79,0,0,62,passed,79,0,0,32
test/unit/approvalSecrets.test.ts,2,passed,9,0,0,14,passed,9,0,0,12
test/unit/attachments.test.ts,4,passed,17,0,0,6063,passed,17,0,0,4942
test/unit/authService.test.ts,3,passed,112,0,0,3032,passed,112,0,0,3470
test/unit/autoReviewer.test.ts,4,passed,18,0,0,13,passed,18,0,0,12
test/unit/backendSelection.test.ts,3,passed,6,0,0,10,passed,6,0,0,14
test/unit/backgroundRows.test.tsx,4,passed,11,0,0,548,passed,11,0,0,917
test/unit/base64.test.ts,2,passed,3,0,0,16,passed,3,0,0,14
test/unit/bestOfN.test.ts,4,passed,14,0,0,12,passed,14,0,0,13
test/unit/bestOfNAttempts.test.ts,1,passed,3,0,0,185,passed,3,0,0,202
test/unit/bestOfNExtensionHooks.test.ts,3,passed,7,0,0,632,passed,7,0,0,636
test/unit/bestOfNManager.test.ts,4,passed,4,0,0,123,passed,4,0,0,120
test/unit/bestOfNRunner.test.ts,1,passed,44,0,0,928,passed,44,0,0,929
test/unit/bestOfNSnapshot.test.ts,1,passed,12,0,0,10113,passed,12,0,0,17492
test/unit/browserCheckConfirm.test.ts,2,passed,3,0,0,5,passed,3,0,0,7
test/unit/browserCheckLive.test.ts,3,passed,0,6,0,0,passed,0,6,0,0
test/unit/browserCheckR51.test.ts,2,passed,0,2,0,0,passed,0,2,0,0
test/unit/browserChecks.test.ts,3,passed,9,0,0,270,passed,9,0,0,273
test/unit/browserLaunch.test.ts,2,passed,9,0,0,20,passed,9,0,0,24
test/unit/browserPolicy.test.ts,1,passed,7,0,0,16,passed,7,0,0,23
test/unit/browserRun.test.ts,4,passed,45,0,0,10280,passed,45,0,0,10320
test/unit/browserTool.test.ts,3,passed,9,0,0,96,passed,9,0,0,124
test/unit/bundleSize.test.mjs,2,passed,4,0,0,28,passed,4,0,0,113
test/unit/bundledSkillsInstall.test.ts,3,passed,31,0,0,751,passed,31,0,0,2435
test/unit/bundledSkillsVendor.test.ts,3,passed,110,0,0,104,passed,110,0,0,189
test/unit/canaries.test.ts,2,passed,18,0,0,226,passed,18,0,0,190
test/unit/canonicalPath.test.ts,3,passed,4,0,0,9,passed,4,0,0,8
test/unit/cards.test.tsx,4,passed,13,0,0,461,passed,13,0,0,865
test/unit/changelogVersion.test.ts,2,passed,2,0,0,5841,passed,2,0,0,2295
test/unit/chatColumn.test.mjs,3,passed,6,0,0,13,passed,6,0,0,23
test/unit/chatPanel.test.ts,4,passed,11,0,0,63,passed,11,0,0,57
test/unit/chatReference.test.ts,3,passed,3,0,0,5,passed,3,0,0,5
test/unit/checkCommands.test.ts,3,passed,10,2,0,98,passed,10,2,0,171
test/unit/checkProxy.test.ts,1,passed,14,0,0,9893,passed,14,0,0,9890
test/unit/checkpointCopies.test.ts,3,passed,6,0,0,48,passed,6,0,0,356
test/unit/checkpointEnvironment.test.ts,1,passed,16,0,0,7661,passed,16,0,0,11447
test/unit/checkpointExplicitEdits.test.ts,1,passed,22,0,0,23285,passed,22,0,0,29205
test/unit/checkpointFiles.test.ts,2,passed,17,1,0,178,passed,17,1,0,187
test/unit/checkpointFixes.test.ts,4,passed,33,1,0,104198,passed,33,1,0,142606
test/unit/checkpointHost.test.ts,2,passed,43,0,0,3601,passed,43,0,0,5473
test/unit/checkpointLocation.test.ts,4,passed,4,0,0,6659,passed,4,0,0,6849
test/unit/checkpointLongPaths.test.ts,4,passed,13,11,0,25120,passed,13,11,0,45434
test/unit/checkpointMemory.test.ts,1,passed,12,0,0,28392,passed,12,0,0,52165
test/unit/checkpointModelApiStop.test.ts,4,passed,49,0,0,16338,passed,49,0,0,24413
test/unit/checkpointNativeCommands.test.ts,1,passed,19,0,0,3418,passed,19,0,0,6453
test/unit/checkpointNativeStart.test.ts,4,passed,2,0,0,2246,passed,2,0,0,2285
test/unit/checkpointPlan.test.ts,3,passed,3,0,0,8,passed,3,0,0,13
test/unit/checkpointPublication.test.ts,2,passed,5,0,0,14465,passed,5,0,0,25176
test/unit/checkpointRestore.test.ts,1,passed,13,0,0,41546,passed,13,0,0,68339
test/unit/checkpointRetention.test.ts,1,passed,11,0,0,32017,passed,11,0,0,62018
test/unit/checkpointRulesEdit.test.ts,3,passed,7,0,0,6904,passed,7,0,0,11628
test/unit/checkpointShellProof.test.ts,2,passed,3,0,0,840,passed,3,0,0,822
test/unit/checkpointStorageGuards.test.ts,2,passed,7,0,0,2041,passed,7,0,0,2360
test/unit/checkpointStore.test.ts,2,passed,15,0,0,47882,passed,15,0,0,73941
test/unit/checkpointStoreBundle.test.ts,4,passed,8,0,0,3779,passed,8,0,0,3261
test/unit/checkpointStoreGuards.test.ts,4,passed,18,0,0,62214,passed,18,0,0,92285
test/unit/checkpointStoreWindows.test.ts,3,passed,33,0,0,75136,passed,33,0,0,91965
test/unit/checkpointUnits.test.ts,2,passed,25,0,0,92434,passed,25,0,0,97751
test/unit/checkpointWorktrees.test.ts,4,passed,7,0,0,5256,passed,7,0,0,6654
test/unit/cliAccount.test.ts,3,passed,28,0,0,73,passed,28,0,0,85
test/unit/cliFeatures.test.ts,4,passed,13,0,0,67,passed,13,0,0,41
test/unit/clineDiscover.test.ts,2,passed,11,0,0,8,passed,11,0,0,8
test/unit/codeFiles.test.ts,4,passed,6,0,0,92,passed,6,0,0,60
test/unit/codeIntelBundle.test.ts,3,passed,9,0,0,101,passed,9,0,0,162
test/unit/codeIntelPolicy.test.ts,1,passed,8,0,0,62,passed,8,0,0,130
test/unit/codeIntelTools.test.ts,1,passed,16,0,0,44,passed,16,0,0,44
test/unit/codeText.test.ts,1,passed,6,0,0,11,passed,6,0,0,19
test/unit/commandRules.test.ts,2,passed,74,0,0,34,passed,74,0,0,34
test/unit/contextFiles.test.ts,3,passed,6,0,0,24,passed,6,0,0,8
test/unit/contextIo.test.ts,1,passed,5,0,0,22,passed,5,0,0,28
test/unit/conversationBundle.test.ts,1,passed,5,0,0,7,passed,5,0,0,10
test/unit/conversationCheckpoints.test.ts,1,passed,27,0,0,24,passed,27,0,0,32
test/unit/conversationController.test.ts,3,passed,574,0,0,19624,passed,574,0,0,20768
test/unit/conversationGit.test.ts,3,passed,72,0,0,658,passed,72,0,0,625
test/unit/conversationGitBundle.test.ts,1,passed,7,0,0,76,passed,7,0,0,90
test/unit/createRulesFile.test.ts,3,passed,7,0,0,11,passed,7,0,0,11
test/unit/credentialFile.test.ts,4,passed,25,0,0,14,passed,25,0,0,27
test/unit/credentialStore.test.ts,4,passed,22,0,0,13,passed,22,0,0,10
test/unit/customAgents.test.ts,3,passed,43,0,0,40,passed,43,0,0,47
test/unit/deferredBundles.test.ts,1,passed,26,0,0,119,passed,26,0,0,299
test/unit/deviceSignIn.test.ts,1,passed,52,0,0,817,passed,52,0,0,829
test/unit/diagnostics.test.ts,1,passed,13,0,0,15,passed,13,0,0,21
test/unit/diagnosticsReport.test.ts,4,passed,9,0,0,10,passed,9,0,0,13
test/unit/dictation.test.ts,2,passed,16,0,0,27,passed,16,0,0,30
test/unit/dictationGesture.test.ts,1,passed,3,0,0,3,passed,3,0,0,3
test/unit/dictationHost.test.ts,3,passed,12,1,0,290,passed,12,1,0,362
test/unit/diff.test.ts,1,passed,6,0,0,8,passed,6,0,0,33
test/unit/diffTally.test.ts,2,passed,12,0,0,12,passed,12,0,0,8
test/unit/editReview.test.ts,1,passed,47,0,0,209,passed,47,0,0,395
test/unit/editorContext.test.ts,1,passed,6,0,0,5,passed,6,0,0,6
test/unit/editorContextTracker.test.ts,2,passed,5,0,0,13,passed,5,0,0,15
test/unit/effort.test.ts,1,passed,5,0,0,5,passed,5,0,0,5
test/unit/elicitationCard.test.tsx,2,passed,6,0,0,662,passed,6,0,0,558
test/unit/environment.test.ts,2,passed,4,0,0,21,passed,4,0,0,9
test/unit/eval/evalDriver.test.ts,1,passed,8,0,0,140,passed,8,0,0,179
test/unit/eval/evalLiveSupport.test.ts,3,passed,29,0,0,179,passed,29,0,0,220
test/unit/eval/evalPacking.test.ts,1,passed,8,0,0,108,passed,8,0,0,151
test/unit/eval/evalReport.test.ts,1,passed,19,0,0,17,passed,19,0,0,19
test/unit/eval/evalRunner.test.ts,4,passed,13,0,0,13278,passed,13,0,0,14934
test/unit/eval/evalTasks.test.ts,1,passed,35,0,0,2762,passed,35,0,0,2908
test/unit/eval/evalWire.test.ts,2,passed,33,0,0,105,passed,33,0,0,94
test/unit/eval/evalWorkspacePrivacy.test.ts,2,passed,4,0,0,18,passed,4,0,0,16
test/unit/execArgs.test.ts,4,passed,52,0,0,21,passed,52,0,0,22
test/unit/execFetch.test.ts,4,passed,35,0,0,1206,passed,35,0,0,1270
test/unit/execKeyInput.test.ts,4,passed,12,0,0,32,passed,12,0,0,105
test/unit/execLimits.test.ts,2,passed,7,0,0,18,passed,7,0,0,17
test/unit/execOutput.test.ts,1,passed,23,0,0,55,passed,23,0,0,84
test/unit/execRun.test.ts,2,passed,55,0,0,7964,passed,55,0,0,10860
test/unit/execSchema.test.ts,2,passed,26,0,0,550,passed,26,0,0,757
test/unit/executables.test.ts,4,passed,3,0,0,14,passed,3,0,0,6
test/unit/exportConversation.test.ts,3,passed,7,0,0,2162,passed,7,0,0,2137
test/unit/extensionHookRunner.test.ts,4,passed,19,0,0,42,passed,19,0,0,40
test/unit/extensionHooks.test.ts,4,passed,47,0,0,38,passed,47,0,0,41
test/unit/fakeToolIo.test.ts,3,passed,9,0,0,9,passed,9,0,0,9
test/unit/fdWriter.test.ts,4,passed,9,0,0,662,passed,9,0,0,696
test/unit/fileIdentity.test.ts,1,passed,4,0,0,12,passed,4,0,0,9
test/unit/fileScheduleStore.test.ts,1,passed,8,0,0,31,passed,8,0,0,53
test/unit/fileSessionStore.test.ts,2,passed,6,0,0,54,passed,6,0,0,59
test/unit/flightRecorder.test.ts,4,passed,59,0,0,1857,passed,59,0,0,1272
test/unit/focusInput.test.ts,1,passed,3,0,0,5,passed,3,0,0,5
test/unit/foreignHookDeadline.test.ts,2,passed,2,0,0,7,passed,2,0,0,8
test/unit/foreignHooks.test.ts,2,passed,22,0,0,56,passed,22,0,0,51
test/unit/fsAtomic.test.ts,1,passed,26,0,0,424,passed,26,0,0,600
test/unit/fuzzy.test.ts,2,passed,8,0,0,7,passed,8,0,0,6
test/unit/git.test.ts,3,passed,18,0,0,24,passed,18,0,0,28
test/unit/gitActivationWiring.test.ts,2,passed,7,0,0,11,passed,7,0,0,11
test/unit/gitPhysicalOwner.test.ts,1,passed,7,0,0,696,passed,7,0,0,1081
test/unit/gitState.test.ts,2,passed,8,0,0,13,passed,8,0,0,10
test/unit/gitText.test.ts,3,passed,7,0,0,10,passed,7,0,0,10
test/unit/gitWindowFileSystem.test.ts,4,passed,8,1,0,83,passed,8,1,0,60
test/unit/github.test.ts,2,passed,17,0,0,126,passed,17,0,0,123
test/unit/githubRemote.test.ts,1,passed,32,0,0,10,passed,32,0,0,21
test/unit/githubSession.test.ts,3,passed,2,0,0,8,passed,2,0,0,9
test/unit/glob.test.ts,3,passed,6,0,0,9,passed,6,0,0,8
test/unit/goalCommand.test.ts,3,passed,4,0,0,6,passed,4,0,0,23
test/unit/goals.test.ts,4,passed,14,0,0,28,passed,14,0,0,19
test/unit/gooeyLayout.test.ts,3,passed,15,0,0,111,passed,15,0,0,323
test/unit/handoff.test.ts,2,passed,3,0,0,4,passed,3,0,0,6
test/unit/handoffDialog.test.tsx,4,passed,14,0,0,4209,passed,14,0,0,4728
test/unit/heartbeatBeam.test.ts,4,passed,9,0,0,7,passed,9,0,0,11
test/unit/heldCheckout.test.ts,2,passed,18,0,0,7732,passed,18,0,0,5818
test/unit/heldTree.test.ts,2,passed,55,0,0,212,passed,55,0,0,168
test/unit/helperLocation.test.ts,2,passed,13,0,0,12,passed,13,0,0,12
test/unit/highlight.test.ts,3,passed,4,0,0,17,passed,4,0,0,42
test/unit/hookFormats.test.ts,2,passed,60,0,0,367,passed,60,0,0,373
test/unit/hookFormatsCline.test.ts,3,passed,19,0,0,14,passed,19,0,0,20
test/unit/hookFormatsContracts.test.ts,4,passed,733,0,0,822,passed,733,0,0,2230
test/unit/hookFormatsEngine.test.ts,2,passed,6,0,0,11,passed,6,0,0,8
test/unit/hookFormatsFixtures.test.ts,2,passed,260,0,0,78,passed,260,0,0,70
test/unit/hookFormatsGemini.test.ts,2,passed,46,0,0,131,passed,46,0,0,142
test/unit/hookHttpHandlers.test.ts,2,passed,21,0,0,37,passed,21,0,0,28
test/unit/hookHttpRequest.test.ts,2,passed,6,0,0,32,passed,6,0,0,21
test/unit/hookMcpToolHandlers.test.ts,2,passed,5,0,0,340,passed,5,0,0,340
test/unit/hookModelHandlers.test.ts,3,passed,14,0,0,145,passed,14,0,0,204
test/unit/hostBridge.test.ts,3,passed,2,0,0,8,passed,2,0,0,7
test/unit/hostL10n.test.ts,3,passed,16,0,0,1446,passed,16,0,0,1804
test/unit/html.test.ts,3,passed,9,0,0,61,passed,9,0,0,52
test/unit/htmlCharset.test.ts,3,passed,23,0,0,56,passed,23,0,0,32
test/unit/htmlToMarkdown.test.ts,3,passed,23,0,0,4984,passed,23,0,0,1277
test/unit/ideBrowserCheck.test.ts,1,passed,9,0,0,26,passed,9,0,0,34
test/unit/ideCodeIntelTools.test.ts,1,passed,3,0,0,27,passed,3,0,0,40
test/unit/ideImageTools.test.ts,1,passed,8,0,0,100,passed,8,0,0,103
test/unit/ideMcpServer.test.ts,2,passed,8,0,0,230,passed,8,0,0,223
test/unit/ideWebFetch.test.ts,3,passed,10,0,0,29,passed,10,0,0,51
test/unit/imageDimensions.test.ts,3,passed,10,0,0,8,passed,10,0,0,13
test/unit/imageGenerationIo.test.ts,4,passed,4,0,0,42,passed,4,0,0,41
test/unit/importConvert.test.ts,4,passed,88,0,0,96,passed,88,0,0,81
test/unit/importExposure.test.ts,2,passed,21,0,0,223,passed,21,0,0,168
test/unit/importHookSources.test.ts,1,passed,72,0,0,60,passed,72,0,0,75
test/unit/importIo.test.ts,2,passed,28,0,0,1579,passed,28,0,0,2783
test/unit/insertMention.test.ts,4,passed,3,0,0,6,passed,3,0,0,5
test/unit/insights.test.ts,2,passed,7,0,0,38,passed,7,0,0,24
test/unit/installTable.test.ts,1,passed,6,0,0,166,passed,6,0,0,161
test/unit/instructions.test.ts,1,passed,10,0,0,6,passed,10,0,0,35
test/unit/jobBuild.test.ts,4,passed,2,1,0,28,passed,2,1,0,17
test/unit/jobSource.test.ts,2,passed,5,0,0,9,passed,5,0,0,9
test/unit/judge.test.ts,3,passed,8,0,0,11,passed,8,0,0,10
test/unit/judgeActivation.test.ts,1,passed,6,0,0,292,passed,6,0,0,293
test/unit/judgeAdmission.test.ts,3,passed,51,0,0,37,passed,51,0,0,57
test/unit/judgeAdmissionLedger.test.ts,4,passed,8,0,0,126,passed,8,0,0,136
test/unit/judgeConsent.test.ts,2,passed,10,0,0,25,passed,10,0,0,27
test/unit/judgeContract.test.ts,1,passed,21,0,0,22,passed,21,0,0,46
test/unit/judgeEntries.test.ts,4,passed,15,0,0,17,passed,15,0,0,17
test/unit/judgeFences.test.ts,2,passed,18,0,0,1064,passed,18,0,0,1051
test/unit/judgeMath.test.ts,4,passed,11,0,0,8,passed,11,0,0,11
test/unit/judgePrompt.test.ts,4,passed,10,0,0,26,passed,10,0,0,10
test/unit/judgeResolve.test.ts,3,passed,11,0,0,11,passed,11,0,0,14
test/unit/judgeSameAllowRules.test.ts,3,passed,11,0,0,41,passed,11,0,0,11
test/unit/judgeSameModelApi.test.ts,4,passed,11,0,0,271,passed,11,0,0,275
test/unit/judgeSameMuseCode.test.ts,4,passed,9,0,0,340,passed,9,0,0,333
test/unit/judgeSameSession.test.ts,1,passed,17,0,0,155,passed,17,0,0,163
test/unit/judgeSameSideRequest.test.ts,4,passed,9,0,0,11,passed,9,0,0,10
test/unit/judgeSharedBudget.test.ts,3,passed,5,0,0,520,passed,5,0,0,395
test/unit/judgeTechniques.test.ts,1,passed,22,0,0,12,passed,22,0,0,15
test/unit/judgeTransport.test.ts,2,passed,9,0,0,228,passed,9,0,0,224
test/unit/judgeUi.test.tsx,2,passed,4,0,0,236,passed,4,0,0,203
test/unit/judgeUsage.test.ts,4,passed,3,0,0,10,passed,3,0,0,16
test/unit/judgeUse.test.ts,1,passed,22,0,0,1270,passed,22,0,0,1262
test/unit/judgeWindow.test.ts,2,passed,11,0,0,1286,passed,11,0,0,1309
test/unit/l10n.test.ts,3,passed,26,0,0,288,passed,26,0,0,387
test/unit/languageServices.test.ts,4,passed,8,0,0,15,passed,8,0,0,21
test/unit/launch.test.ts,3,passed,22,0,0,14,passed,22,0,0,37
test/unit/links.test.ts,1,passed,5,0,0,8,passed,5,0,0,9
test/unit/logText.test.ts,3,passed,8,0,0,6,passed,8,0,0,6
test/unit/logger.test.ts,3,passed,3,0,0,7,passed,3,0,0,7
test/unit/manifest.test.ts,1,passed,35,0,0,72,passed,35,0,0,105
test/unit/mapNotification.test.ts,2,passed,38,0,0,23,passed,38,0,0,22
test/unit/mcp.test.ts,2,passed,8,0,0,20,passed,8,0,0,13
test/unit/mcpCheckpointBoundary.test.ts,2,passed,4,0,0,4554,passed,4,0,0,5033
test/unit/mcpConnection.test.ts,4,passed,14,0,0,95,passed,14,0,0,106
test/unit/mcpElicitation.test.ts,3,passed,47,0,0,5096,passed,47,0,0,5403
test/unit/mcpFunctions.test.ts,2,passed,18,0,0,116,passed,18,0,0,107
test/unit/mcpHttp.test.ts,2,passed,10,0,0,767,passed,10,0,0,369
test/unit/mcpJobExecutable.test.ts,3,passed,2,1,0,22,passed,2,1,0,33
test/unit/mcpPool.test.ts,1,passed,15,0,0,4687,passed,15,0,0,4650
test/unit/mcpProcess.test.ts,1,passed,17,6,0,2384,passed,17,6,0,2430
test/unit/mcpServers.test.ts,4,passed,6,0,0,9,passed,6,0,0,12
test/unit/mcpStdio.test.ts,4,passed,13,0,0,186,passed,13,0,0,369
test/unit/mediaBudget.test.ts,2,passed,6,0,0,11,passed,6,0,0,10
test/unit/memoryCommands.test.ts,3,passed,12,0,0,31,passed,12,0,0,49
test/unit/memoryFeatures.test.ts,2,passed,6,0,0,28,passed,6,0,0,23
test/unit/memoryIndex.test.ts,1,passed,10,0,0,9,passed,10,0,0,15
test/unit/memoryIo.test.ts,1,passed,9,0,0,155,passed,9,0,0,225
test/unit/memoryLocation.test.ts,4,passed,6,0,0,13,passed,6,0,0,6
test/unit/memoryStore.test.ts,1,passed,38,0,0,36,passed,38,0,0,42
test/unit/memoryTools.test.ts,4,passed,4,0,0,28,passed,4,0,0,15
test/unit/mention.test.ts,2,passed,5,0,0,4,passed,5,0,0,4
test/unit/mentionIndex.test.ts,4,passed,6,0,0,19,passed,6,0,0,14
test/unit/mentionQuickPick.test.ts,1,passed,2,0,0,6,passed,2,0,0,7
test/unit/mentions.test.ts,3,passed,13,0,0,10,passed,13,0,0,17
test/unit/mimeType.test.ts,1,passed,3,0,0,3,passed,3,0,0,6
test/unit/modelApiAttemptBudget.test.ts,3,passed,6,0,0,603,passed,6,0,0,1041
test/unit/modelApiAttemptFiles.test.ts,1,passed,1,0,0,391,passed,1,0,0,643
test/unit/modelApiAttemptVerify.test.ts,2,passed,19,0,0,1142,passed,19,0,0,1211
test/unit/modelApiBackendManager.test.ts,2,passed,19,0,0,276,passed,19,0,0,229
test/unit/modelApiBundle.test.ts,4,passed,13,0,0,999,passed,13,0,0,1248
test/unit/modelApiClient.test.ts,1,passed,27,0,0,221,passed,27,0,0,231
test/unit/modelApiCodeIntel.test.ts,1,passed,25,0,0,2757,passed,25,0,0,2771
test/unit/modelApiElicitation.test.ts,3,passed,18,0,0,671,passed,18,0,0,713
test/unit/modelApiExtensionHooks.test.ts,3,passed,22,0,0,389,passed,22,0,0,339
test/unit/modelApiForeignHooks.test.ts,3,passed,9,0,0,1500,passed,9,0,0,2108
test/unit/modelApiGoldenRequests.test.ts,3,passed,18,0,0,444,passed,18,0,0,452
test/unit/modelApiHooks.test.ts,2,passed,17,0,0,103,passed,17,0,0,105
test/unit/modelApiHost.test.ts,1,passed,615,0,0,27676,passed,615,0,0,30631
test/unit/modelApiMcpServers.test.ts,4,passed,2,0,0,163,passed,2,0,0,160
test/unit/modelApiPacking.test.ts,1,passed,18,0,0,248,passed,18,0,0,476
test/unit/modelApiPolicyFence.test.ts,4,passed,88,0,0,5533,passed,88,0,0,5316
test/unit/modelApiSchemas.test.ts,1,passed,1,0,0,5,passed,1,0,0,4
test/unit/modelApiShellDirectory.test.ts,2,passed,29,0,0,675,passed,29,0,0,335
test/unit/modelApiTools.test.ts,2,passed,41,0,0,177,passed,41,0,0,142
test/unit/modelCallHooks.test.ts,4,passed,4,0,0,47,passed,4,0,0,25
test/unit/museCodeBackendManager.test.ts,4,passed,17,0,0,2009,passed,17,0,0,2021
test/unit/museCodeHookModels.test.ts,2,passed,3,0,0,242,passed,3,0,0,222
test/unit/museCodeProtectedWrites.test.ts,1,passed,25,0,0,13,passed,25,0,0,17
test/unit/museCodeReviewer.test.ts,4,passed,43,0,0,10438,passed,43,0,0,10379
test/unit/museCodeReviewerBundle.test.ts,3,passed,5,0,0,212,passed,5,0,0,215
test/unit/museConfigCommands.test.ts,1,passed,17,0,0,22,passed,17,0,0,28
test/unit/museConfigView.test.ts,1,passed,6,0,0,7,passed,6,0,0,8
test/unit/museSettings.test.ts,3,passed,4,0,0,7,passed,4,0,0,7
test/unit/museVoice.test.ts,4,passed,23,0,0,1824,passed,23,0,0,1484
test/unit/networkFailure.test.ts,1,passed,8,0,0,50,passed,8,0,0,114
test/unit/networkPosture.test.ts,1,passed,9,0,0,36,passed,9,0,0,60
test/unit/observationPack.test.ts,3,passed,32,0,0,78,passed,32,0,0,162
test/unit/openInTerminal.test.ts,1,passed,3,0,0,10,passed,3,0,0,5
test/unit/outputDocuments.test.ts,3,passed,2,0,0,5,passed,2,0,0,6
test/unit/pageConverter.test.ts,4,passed,6,0,0,1500,passed,6,0,0,1523
test/unit/pageUrl.test.ts,1,passed,7,0,0,18,passed,7,0,0,26
test/unit/paidConsent.test.ts,2,passed,21,0,0,35,passed,21,0,0,34
test/unit/paidDailyBudget.test.ts,1,passed,17,0,0,698,passed,17,0,0,853
test/unit/paidFeatures.test.ts,3,passed,30,0,0,51,passed,30,0,0,49
test/unit/paidHookModels.test.ts,2,passed,10,0,0,25,passed,10,0,0,23
test/unit/paidHost.test.ts,1,passed,32,0,0,57,passed,32,0,0,46
test/unit/paletteRegistry.test.ts,4,passed,35,0,0,305,passed,35,0,0,199
test/unit/patchApply.test.ts,1,passed,14,0,0,8,passed,14,0,0,23
test/unit/pdf.test.ts,1,passed,31,0,0,12,passed,31,0,0,16
test/unit/permissionModes.test.ts,1,passed,10,0,0,6,passed,10,0,0,9
test/unit/permissionPolicy.test.ts,1,passed,24,0,0,20,passed,24,0,0,21
test/unit/permissions.test.ts,1,passed,66,0,0,30,passed,66,0,0,35
test/unit/pinnedRequest.test.ts,3,passed,5,0,0,71,passed,5,0,0,106
test/unit/planActions.test.tsx,1,passed,8,0,0,1402,passed,8,0,0,1440
test/unit/planCommands.test.ts,1,passed,2,0,0,10,passed,2,0,0,17
test/unit/planDocument.test.ts,4,passed,19,0,0,175,passed,19,0,0,349
test/unit/planMarkdownBundle.test.ts,1,passed,3,0,0,47,passed,3,0,0,61
test/unit/planMarkupParity.test.tsx,4,passed,3,0,0,512,passed,3,0,0,756
test/unit/planStore.test.ts,2,passed,22,0,0,568,passed,22,0,0,690
test/unit/pluginContainment.test.ts,4,passed,4,3,0,11,passed,4,3,0,7
test/unit/pluginDispatch.test.ts,4,passed,23,7,0,2280,passed,23,7,0,2407
test/unit/pluginHost.test.ts,4,passed,43,0,0,3015,passed,43,0,0,3055
test/unit/pluginImport.test.ts,2,passed,8,0,0,18,passed,8,0,0,17
test/unit/privateFiles.test.ts,4,passed,10,0,0,7,passed,10,0,0,8
test/unit/problemReportBuilder.test.ts,4,passed,68,0,0,50,passed,68,0,0,45
test/unit/processTree.test.ts,2,passed,15,3,0,593,passed,15,3,0,637
test/unit/promptLedger.test.ts,1,passed,9,0,0,14,passed,9,0,0,12
test/unit/protocol.test.ts,3,passed,141,0,0,34,passed,141,0,0,72
test/unit/publicAddress.test.ts,4,passed,8,0,0,22,passed,8,0,0,24
test/unit/pullRequestCheckout.test.ts,2,passed,22,0,0,100,passed,22,0,0,97
test/unit/pullRequestCheckoutGit.test.ts,1,passed,12,0,0,8416,passed,12,0,0,10627
test/unit/pullRequestLinks.test.ts,4,passed,2,0,0,57,passed,2,0,0,57
test/unit/pullRequestRef.test.ts,3,passed,20,0,0,13,passed,20,0,0,11
test/unit/pushPlan.test.ts,4,passed,21,0,0,12,passed,21,0,0,11
test/unit/readmeShots.test.mjs,2,passed,10,0,0,35,passed,10,0,0,30
test/unit/readmeVersion.test.ts,3,passed,4,0,0,20,passed,4,0,0,52
test/unit/recorderHelper.test.ts,4,passed,2,0,0,11,passed,2,0,0,8
test/unit/redact.test.ts,1,passed,130,0,0,892,passed,130,0,0,407
test/unit/reducedMotion.test.ts,4,passed,1,0,0,102,passed,1,0,0,9
test/unit/refreshBadges.test.mjs,3,passed,31,0,0,173,passed,31,0,0,344
test/unit/releaseIntegrity.test.mjs,4,passed,18,0,0,149,passed,18,0,0,327
test/unit/releaseMajorTag.test.mjs,4,passed,9,0,0,138,passed,9,0,0,321
test/unit/releasePublish.test.mjs,3,passed,93,0,0,1438,passed,93,0,0,1692
test/unit/renamePlan.test.ts,1,passed,6,0,0,20,passed,6,0,0,26
test/unit/renderCost.test.tsx,2,passed,1,0,0,541,passed,1,0,0,241
test/unit/repoMap.test.ts,4,passed,11,0,0,140,passed,11,0,0,131
test/unit/reportCommand.test.ts,2,passed,20,0,0,1158,passed,20,0,0,211
test/unit/reportInvariants.test.ts,3,passed,2,0,0,150,passed,2,0,0,374
test/unit/reportProblem.test.ts,3,passed,55,0,0,14,passed,55,0,0,21
test/unit/reportProblemDialog.test.tsx,2,passed,24,0,0,1880,passed,24,0,0,1608
test/unit/reportProblemExport.test.ts,4,passed,13,0,0,25,passed,13,0,0,26
test/unit/reportProblemHandler.test.ts,1,passed,23,0,0,114,passed,23,0,0,195
test/unit/reportProblemRows.test.tsx,4,passed,11,0,0,351,passed,11,0,0,887
test/unit/reportRecorder.test.ts,4,passed,15,0,0,299,passed,15,0,0,186
test/unit/restoreChain.test.ts,3,passed,56,0,0,211,passed,56,0,0,76
test/unit/review.test.ts,1,passed,23,0,0,179,passed,23,0,0,185
test/unit/reviewBundle.test.ts,4,passed,8,0,0,129,passed,8,0,0,286
test/unit/reviewMaterial.test.ts,4,passed,40,0,0,17397,passed,40,0,0,22462
test/unit/reviewUi.test.tsx,1,passed,13,0,0,3050,passed,13,0,0,3360
test/unit/rowMenus.test.tsx,4,passed,27,0,0,1844,passed,27,0,0,3597
test/unit/rules.test.ts,2,passed,8,0,0,153,passed,8,0,0,14
test/unit/rulesTemplate.test.ts,1,passed,1,0,0,4,passed,1,0,0,3
test/unit/runLedger.test.ts,3,passed,35,0,0,37,passed,35,0,0,43
test/unit/runtimeConsent.test.ts,4,passed,6,0,0,79,passed,6,0,0,79
test/unit/runtimeManifest.test.ts,2,passed,8,0,0,14,passed,8,0,0,14
test/unit/runtimeStore.test.ts,3,passed,17,0,0,810,passed,17,0,0,2904
test/unit/sandbox.test.ts,3,passed,14,0,0,14,passed,14,0,0,15
test/unit/sandboxSetup.test.ts,4,passed,14,0,0,46,passed,14,0,0,17
test/unit/scanSecrets.test.ts,3,passed,12,0,0,21,passed,12,0,0,40
test/unit/scheduledRunConfirmation.test.ts,3,passed,4,0,0,17,passed,4,0,0,21
test/unit/schedules.test.ts,3,passed,9,0,0,12,passed,9,0,0,27
test/unit/searchWorker.test.ts,3,passed,7,0,0,837,passed,7,0,0,1208
test/unit/secretPromptDialog.test.tsx,3,passed,2,0,0,589,passed,2,0,0,403
test/unit/selectedHost.test.ts,3,passed,6,0,0,18,passed,6,0,0,12
test/unit/sessionBoard.test.ts,1,passed,7,0,0,7,passed,7,0,0,8
test/unit/sessionBoardHost.test.ts,3,passed,7,0,0,509,passed,7,0,0,772
test/unit/sessionBudget.test.ts,4,passed,13,0,0,90,passed,13,0,0,196
test/unit/sessionBudgetJournal.test.ts,4,passed,48,0,0,363,passed,48,0,0,718
test/unit/sessionImport.test.ts,2,passed,2,0,0,5,passed,2,0,0,4
test/unit/sessionRecords.test.ts,1,passed,11,0,0,10,passed,11,0,0,13
test/unit/sessionStore.test.ts,1,passed,16,0,0,28,passed,16,0,0,36
test/unit/sessionTap.test.ts,2,passed,9,0,0,17,passed,9,0,0,15
test/unit/sessionTransfer.test.ts,3,passed,25,0,0,525,passed,25,0,0,423
test/unit/sessions.test.ts,4,passed,12,0,0,43,passed,12,0,0,99
test/unit/settings.test.ts,4,passed,15,0,0,42,passed,15,0,0,36
test/unit/shellBoundedMonitor.test.ts,2,passed,1,0,0,5023,passed,1,0,0,5033
test/unit/shellJob.test.ts,2,passed,8,1,0,47,passed,8,1,0,38
test/unit/shellQuote.test.ts,2,passed,4,1,0,22,passed,4,1,0,16
test/unit/shellSyntax.test.ts,1,passed,158,1,0,189,passed,158,1,0,374
test/unit/skills.test.ts,3,passed,17,0,0,22,passed,17,0,0,21
test/unit/skillsCli.test.ts,4,passed,10,0,0,14,passed,10,0,0,15
test/unit/skillsCommands.test.ts,4,passed,11,0,0,34,passed,11,0,0,85
test/unit/snapshot.test.ts,4,passed,12,0,0,26,passed,12,0,0,28
test/unit/sse.test.ts,2,passed,6,0,0,11,passed,6,0,0,10
test/unit/stepSummary.test.ts,3,passed,9,0,0,529,passed,9,0,0,701
test/unit/store.test.tsx,4,passed,7,0,0,1207,passed,7,0,0,1238
test/unit/streamSplit.test.ts,2,passed,6,0,0,10,passed,6,0,0,8
test/unit/supportReport.test.ts,1,passed,7,0,0,8,passed,7,0,0,11
test/unit/surfaceRegistry.test.ts,1,passed,9,0,0,8,passed,9,0,0,9
test/unit/tabBundle.test.ts,1,passed,28,0,0,57,passed,28,0,0,80
test/unit/tabCache.test.ts,3,passed,12,0,0,6,passed,12,0,0,7
test/unit/tabConstants.test.ts,1,passed,10,0,0,11,passed,10,0,0,9
test/unit/tabContext.test.ts,1,passed,14,0,0,8,passed,14,0,0,9
test/unit/tabEngine.test.ts,2,passed,9,0,0,23,passed,9,0,0,31
test/unit/tabLedger.test.ts,2,passed,20,0,0,140,passed,20,0,0,204
test/unit/tabProvider.test.ts,2,passed,64,0,0,157,passed,64,0,0,111
test/unit/tabReply.test.ts,1,passed,26,0,0,15,passed,26,0,0,15
test/unit/tabRequest.test.ts,1,passed,13,0,0,11,passed,13,0,0,10
test/unit/tabScheduler.test.ts,4,passed,8,0,0,27,passed,8,0,0,21
test/unit/tabSpend.test.ts,1,passed,9,0,0,6,passed,9,0,0,15
test/unit/tabSpendGate.test.ts,1,passed,4,0,0,59,passed,4,0,0,62
test/unit/tabStatus.test.ts,4,passed,17,0,0,37,passed,17,0,0,33
test/unit/tasksPanel.test.ts,4,passed,6,0,0,35,passed,6,0,0,76
test/unit/textDecoding.test.ts,1,passed,7,0,0,42,passed,7,0,0,43
test/unit/textDecodingNode20.test.ts,2,passed,3,0,0,15,passed,3,0,0,13
test/unit/timeouts.test.ts,1,passed,4,0,0,14,passed,4,0,0,20
test/unit/toggleFocusView.test.ts,4,passed,2,0,0,6,passed,2,0,0,4
test/unit/toolImages.test.ts,3,passed,6,0,0,9,passed,6,0,0,11
test/unit/toolIo.test.ts,1,passed,45,2,0,6824,passed,45,2,0,7111
test/unit/toolIoBounded.test.ts,3,passed,7,0,0,342,passed,7,0,0,341
test/unit/toolIoCommandAdmission.test.ts,3,passed,7,0,0,53,passed,7,0,0,154
test/unit/toolPresentation.test.ts,2,passed,17,0,0,59,passed,17,0,0,98
test/unit/toolRows.test.tsx,1,passed,30,0,0,919,passed,30,0,0,587
test/unit/traceLogs.test.ts,2,passed,4,0,0,50,passed,4,0,0,11
test/unit/transcriptMarkdown.test.ts,4,passed,11,0,0,100,passed,11,0,0,209
test/unit/transferDialogs.test.ts,2,passed,9,0,0,242,passed,9,0,0,158
test/unit/turnNotifications.test.ts,1,passed,14,0,0,156,passed,14,0,0,171
test/unit/uiState.test.ts,4,passed,173,0,0,113,passed,173,0,0,172
test/unit/uiTextRegions.test.mjs,3,passed,6,0,0,167,passed,6,0,0,201
test/unit/untrustedInput.test.ts,3,passed,6,0,0,59,passed,6,0,0,70
test/unit/usage.test.ts,2,passed,8,0,0,47,passed,8,0,0,57
test/unit/verifyEditor.test.ts,4,passed,28,0,0,2154,passed,28,0,0,2126
test/unit/verifyLedger.test.ts,1,passed,18,0,0,15,passed,18,0,0,16
test/unit/verifyLoop.test.ts,3,passed,72,0,0,1914,passed,72,0,0,2041
test/unit/verifyRows.test.tsx,3,passed,10,0,0,252,passed,10,0,0,341
test/unit/voiceBundle.test.ts,3,passed,11,0,0,394,passed,11,0,0,408
test/unit/vsixPackaging.test.mjs,3,passed,17,0,0,92,passed,17,0,0,82
test/unit/walkthrough.test.ts,4,passed,3,0,0,9,passed,3,0,0,11
test/unit/webFetch.test.ts,3,passed,33,0,0,1670,passed,33,0,0,1390
test/unit/webFetchBundle.test.ts,2,passed,12,0,0,156,passed,12,0,0,156
test/unit/webFetchConfirm.test.ts,1,passed,2,0,0,6,passed,2,0,0,6
test/unit/webFetcher.test.ts,2,passed,4,0,0,16,passed,4,0,0,15
test/unit/webPage.test.ts,2,passed,3,0,0,24,passed,3,0,0,45
test/unit/webviewBundle.test.mjs,3,passed,10,0,0,667,passed,10,0,0,570
test/unit/webviewErrors.test.ts,4,passed,4,0,0,12,passed,4,0,0,10
test/unit/webviewSetup.test.ts,2,passed,13,0,0,52,passed,13,0,0,74
test/unit/whatsNew.test.ts,3,passed,18,0,0,31,passed,18,0,0,101
test/unit/whatsNewBundle.test.ts,2,passed,5,0,0,85,passed,5,0,0,57
test/unit/whatsNewContent.test.ts,3,passed,15,0,0,5222,passed,15,0,0,1769
test/unit/whatsNewHtml.test.ts,4,passed,11,0,0,708,passed,11,0,0,1018
test/unit/whatsNewPage.test.ts,1,passed,4,0,0,55,passed,4,0,0,62
test/unit/whatsNewPanel.test.ts,4,passed,9,0,0,30,passed,9,0,0,60
test/unit/whatsNewVersions.test.ts,2,passed,9,0,0,11,passed,9,0,0,14
test/unit/windowPresence.test.ts,2,passed,14,0,0,281,passed,14,0,0,162
test/unit/workLifetime.test.ts,3,passed,9,0,0,199,passed,9,0,0,188
test/unit/workflowDetails.test.ts,2,passed,11,0,0,46,passed,11,0,0,14
test/unit/workspaceContext.test.ts,3,passed,12,0,0,32,passed,12,0,0,90
test/unit/workspaceFiles.test.ts,4,passed,7,0,0,10,passed,7,0,0,18
test/unit/workspaceIdentity.test.ts,2,passed,5,0,0,15,passed,5,0,0,20
test/unit/workspaceRoot.test.ts,2,passed,10,0,0,7,passed,10,0,0,8
test/unit/worktreeCommands.test.ts,2,passed,12,0,0,2833,passed,12,0,0,4870
test/unit/worktreeConversationHost.test.ts,3,passed,9,0,0,15,passed,9,0,0,13
test/unit/worktreeConversations.test.ts,1,passed,16,0,0,14,passed,16,0,0,28
test/unit/worktreeFeatures.test.ts,3,passed,3,0,0,13,passed,3,0,0,14
test/unit/worktrees.test.ts,2,passed,6,0,0,7,passed,6,0,0,8
test/unit/writeJournal.test.ts,2,passed,12,0,0,3063,passed,12,0,0,2339
test/unit/writeRecorder.test.ts,4,passed,25,2,0,5701,passed,25,2,0,5598
test/unit/writeRecorderCaps.test.ts,4,passed,2,0,0,876,passed,2,0,0,2139
test/unit/zipExtract.test.ts,3,passed,12,0,0,260,passed,12,0,0,742
